{"loss": [0.9368468523025513, 0.39440473914146423, 0.24120581150054932, 0.168471559882164, 0.12554065883159637], "accuracy": [0.7138345837593079, 0.8745003342628479, 0.9214453101158142, 0.9452450275421143, 0.9590155482292175], "val_loss": [0.49862441420555115, 0.342131644487381, 0.17905279994010925, 0.1504269242286682, 0.1377708464860916], "val_accuracy": [0.8493626117706299, 0.8899954557418823, 0.9412133097648621, 0.9517983198165894, 0.9566924571990967]}